Series Name,Series Code,Country Name,Country Code,1990 [YR1990],1991 [YR1991],1992 [YR1992],1993 [YR1993],1994 [YR1994],1995 [YR1995],1996 [YR1996],1997 [YR1997],2000 [YR2000],2002 [YR2002],2003 [YR2003],2004 [YR2004],2005 [YR2005],2006 [YR2006],2007 [YR2007],2008 [YR2008],2009 [YR2009],2010 [YR2010],2011 [YR2011],2012 [YR2012],2013 [YR2013],2014 [YR2014],2015 [YR2015],2016 [YR2016]
Total greenhouse gas emissions (kt of CO2 equivalent),EN.ATM.GHGT.KT.CE,Afghanistan,AFG,12528.0165,12307.0638,11370.4531,11390.8748,11290.6882,11635.6594,12505.9308,13343.25,13530.953,13842.7381,14709.884,14654.374,14770.2643,14849.1594,15272.633,15288.7756,15554.4294997907,17791.3299018728,17981.3072867677,18168.8632027705,..,..,..,..
Total greenhouse gas emissions (kt of CO2 equivalent),EN.ATM.GHGT.KT.CE,Albania,ALB,11112.72956,8273.6324,6227.1532,6067.1799,6793.7963,6421.5713,6187.3841,5500.607,8389.2767,7503.05976,7834.0157,7401.10155,8308.3856,8027.14955,9879.3935,8136.785,8108.81238694848,8506.99603431525,8712.29636455369,8898.64091140274,..,..,..,..
Total greenhouse gas emissions (kt of CO2 equivalent),EN.ATM.GHGT.KT.CE,Algeria,DZA,106445.8175,111649.003,121636.28,122490.489,118601.888,123799.179,123728.789,123971.393,133778.197,131222.654,139592.331,139846.684,146241.499,151655.372,157333.425,160415.277,160849.926561587,167674.633000695,172303.509195404,176471.226769797,..,..,..,..
Total greenhouse gas emissions (kt of CO2 equivalent),EN.ATM.GHGT.KT.CE,American Samoa,ASM,20.3813783,20.9670057,21.5104445,21.9988903,22.4541277,22.8843444,23.263078,23.6153334,47.656033,51.34821,51.838339,52.320385,52.801179,53.30204,53.913983,54.616323,54.9893494063012,56.6374866017899,57.7435092847854,58.7655192902151,..,..,..,..
Total greenhouse gas emissions (kt of CO2 equivalent),EN.ATM.GHGT.KT.CE,Andorra,ADO,..,..,..,..,..,..,..,..,..,..,..,..,..,..,..,..,..,..,..,..,..,..,..,..
Total greenhouse gas emissions (kt of CO2 equivalent),EN.ATM.GHGT.KT.CE,Angola,AGO,50806.5426914,43761.081269,64997.83986,39775.10719,44657.243349,48230.298638,47136.215785,33091.22462,34780.6811,34490.369,35858.015,36860.2334,35855.7384,36375.822,36690.534,37396.294,38309.4651264052,40029.3921005695,40878.6519582578,41657.1648460299,..,..,..,..
Total greenhouse gas emissions (kt of CO2 equivalent),EN.ATM.GHGT.KT.CE,Antigua and Barbuda,ATG,372.28777,373.358162,371.519605,359.195,380.851656,391.94411,390.009674,362.381053,398.694259,406.432042,418.837958,449.002494,454.070617,463.565714,478.083878,491.89739,493.441214713815,521.051312844337,537.80583894233,552.747914304263,..,..,..,..
Total greenhouse gas emissions (kt of CO2 equivalent),EN.ATM.GHGT.KT.CE,Argentina,ARG,266555.03,267188.7341,272139.1851,276522.7527,270948.3575,275096.4092,288246.2679,299708.76,331450.87,311051.93,344797.06,369944.11,358385.64,373600.56,384547.75,411503.63,373409.065636756,364684.253845885,372873.14375805,380295.320368897,..,..,..,..
Total greenhouse gas emissions (kt of CO2 equivalent),EN.ATM.GHGT.KT.CE,Armenia,ARM,24729.9166,25425.6997,14512.5941,8362.9081,6107.5421,6710.3697,5992.235,6719.5874,6867.7102,6460.2393,6973.88104,7633.471,8401.8162,8743.5088,9323.71758,12469.983,11235.0892664869,11393.0393525219,12417.7361164488,12319.3896093062,..,..,..,..
Total greenhouse gas emissions (kt of CO2 equivalent),EN.ATM.GHGT.KT.CE,Aruba,ABW,642.997262,652.026274,689.622462,712.920215,728.555776,731.757231,209.925714,972.6249,272.910521,280.555868,280.363075,281.1977,286.973571,307.739311,343.654819,365.627213,366.241353554348,387.904772272898,401.203383231042,413.035551253609,..,..,..,..
Total greenhouse gas emissions (kt of CO2 equivalent),EN.ATM.GHGT.KT.CE,Australia,AUS,482298.262,499346.73,486991.982,479463.744,522429.54,489294.147,508882.826,921012.05,1081244.41,1117450.02,1023667.58,1144343.87,909262.03,1119632.1,1065623.87,892629.27,1105167.23617132,782102.692196849,785795.149950158,761686.273857649,..,..,..,..
Total greenhouse gas emissions (kt of CO2 equivalent),EN.ATM.GHGT.KT.CE,Austria,AUT,79836.956,83261.989,79225.277,79387.983,79755.728,82480.629,85648.272,84731.328,82686.748,87386.68817,92659.8411,96330.90703,97552.85369,95636.729,93276.758,94608.82183,89046.7550242494,94172.3509433563,92315.0525967119,90460.2102892241,..,..,..,..
Total greenhouse gas emissions (kt of CO2 equivalent),EN.ATM.GHGT.KT.CE,Azerbaijan,AZE,78096.61988,78972.5094,56131.5696,52463.9724,48457.563,42526.7923,38971.0609,37665.0413,42646.5596,40298.546,44116.8124,45005.7333,47617.1667,48492.2848,45144.106,53832.8169,49623.1778669541,50724.569637349,53982.832512624,56537.0817767984,..,..,..,..
Total greenhouse gas emissions (kt of CO2 equivalent),EN.ATM.GHGT.KT.CE,"Bahamas, The",BHS,3593.57477,3468.70897,3078.14873,2959.42421,3183.01919,3532.12805,3856.64638,3535.75405,3185.22211,3255.00095,3556.08428,3731.96845,3854.11183,4014.02012,4128.8887,4339.66058,4335.92690568024,4570.35755329238,4726.37931595067,4865.20676738915,..,..,..,..
Total greenhouse gas emissions (kt of CO2 equivalent),EN.ATM.GHGT.KT.CE,Bahrain,BHR,17050.70875,14435.82175,15182.03779,15330.08717,15216.51324,15330.07486,15986.51835,16914.4671,18248.39465,19967.0134,20539.28874,21451.12298,23432.38192,25118.2166,26614.11515,29223.02527,29249.5794618954,30921.9708369881,31941.0424444878,32849.1057287728,..,..,..,..
Total greenhouse gas emissions (kt of CO2 equivalent),EN.ATM.GHGT.KT.CE,Bangladesh,BGD,126701.696,126700.013,128626.244,128901.676,131295.609,136508.329,139004.894,140107.011,136012.9,143812.573,146424.251,147368.17,151091.702,155320.504,161041.755,164700.503,169927.913290136,177504.473602208,180498.432989672,183300.562417687,..,..,..,..
Total greenhouse gas emissions (kt of CO2 equivalent),EN.ATM.GHGT.KT.CE,Barbados,BRB,1199.66709,1244.59137,1236.772,1128.72586,1092.96237,1099.5552,1083.64219,1123.04133,1313.94728,1263.73575,1244.328,1277.27957,1310.42268,1309.94482,1357.35557,1370.84117,1371.76607292313,1449.42611368458,1497.6461338935,1540.61570884268,..,..,..,..
Total greenhouse gas emissions (kt of CO2 equivalent),EN.ATM.GHGT.KT.CE,Belarus,BLR,185411.7606,181585.196,170164.142,153338.533,139895.776,130352.351,130526.99,131300.395,83387.545,89727.105,82041.116,85627.1607,89989.7232,94475.092,95710.8225,100860.1753,101754.791693808,108204.547178591,108921.434693533,109647.238750262,..,..,..,..
Total greenhouse gas emissions (kt of CO2 equivalent),EN.ATM.GHGT.KT.CE,Belgium,BEL,137872.522,142753.293,141130.179,138758.062,144398.146,146712.334,153314.451,149509.673,147051.2,138048.514,144031.572,141187.993,136696.039,134802.749,131823.167,137213.867,131110.289477906,138029.410871298,137517.867915404,133373.684007061,..,..,..,..
Total greenhouse gas emissions (kt of CO2 equivalent),EN.ATM.GHGT.KT.CE,Belize,BLZ,632.71626,690.12368,632.68533,608.19031,592.85392,602.92931,573.96312,662.67149,1676.47151,1702.5859,3604.31407,1146.08805,2022.18417,1276.55753,1802.16292,1408.14902,1534.36458313462,1498.87844951416,1536.23743731011,1569.8585030674,..,..,..,..
Total greenhouse gas emissions (kt of CO2 equivalent),EN.ATM.GHGT.KT.CE,Benin,BEN,47187.972,38173.353,44052.771,41176.349,41216.989,45322.666,45079.96,46264.141,40254.008,47757.344,36885.5379,31729.03,48572.5105,36385.6729,39886.08,37639.925,38068.3747296726,33029.8223452635,33289.5519203445,33533.0967333661,..,..,..,..
Total greenhouse gas emissions (kt of CO2 equivalent),EN.ATM.GHGT.KT.CE,Bermuda,BMU,652.962347,581.547884,465.680133,471.025788,491.291126,496.769905,504.096508,421.154713,518.971347,527.096286,543.012595,591.967514,584.756357,600.515297,539.779525,560.027695,561.263745445672,594.651571750838,614.875651538293,632.876992070822,..,..,..,..
Total greenhouse gas emissions (kt of CO2 equivalent),EN.ATM.GHGT.KT.CE,Bhutan,BTN,1280.14329,1276.91591,1594.97773,1592.25522,1614.67015,1647.8881,1663.93339,1597.10382,2309.76196,1707.60039,1467.57296,1623.24209,1617.86441,1966.3538,2326.55307,1908.28623,2190.92068373641,3220.40038033772,3259.60738958883,3296.96372502552,..,..,..,..
Total greenhouse gas emissions (kt of CO2 equivalent),EN.ATM.GHGT.KT.CE,Bolivia,BOL,192645.695,183161.879,194819.313,213989.647,156530.706,170371.969,176121.301,179070.817,91400.932,110701.193,124597.495,252571.289,309458.392,164214.818,227561.899,120003.253,76425.9663518695,102900.515628915,620981.955546628,621726.72675282,..,..,..,..
Total greenhouse gas emissions (kt of CO2 equivalent),EN.ATM.GHGT.KT.CE,Bosnia and Herzegovina,BIH,31318.60314,28192.9298,21575.3998,18493.9255,6509.4908,6576.4909,7102.689,11979.3901,22492.9083,17112.299,18645.7857,20000.8367,20780.3563,22772.2341,24673.0881,24236.6085,24471.8965485269,25619.3313185136,26405.844115572,27108.4002030228,..,..,..,..
Total greenhouse gas emissions (kt of CO2 equivalent),EN.ATM.GHGT.KT.CE,Botswana,BWA,13373.085,10963.44,15494.416,9194.838,11082.387,12152.995,10207.063,10100.556,39682.4972,51450.302,17482.9867,23886.7099,24188.461,43484.6626,26082.8828,73051.1312,22941.9658476252,81652.255603953,81891.0361459063,82110.2767551773,..,..,..,..
Total greenhouse gas emissions (kt of CO2 equivalent),EN.ATM.GHGT.KT.CE,Brazil,BRA,1606209.334,1569962.22,1649183.804,1772640.53,1455453.224,1574445.629,1613760.437,1647413.793,1222630.43,1591827.05,1624554.7,1967427.39,2386439.68,1621079.23,2703498.56,1532859.83,1211969.40849959,2902242.61816138,2953040.51916222,2989417.95671697,..,..,..,..
Total greenhouse gas emissions (kt of CO2 equivalent),EN.ATM.GHGT.KT.CE,British Virgin Islands,VGB,72.916993,71.620494,74.447471,69.399392,72.027926,73.41429,80.056578,70.522198,77.705766,78.999858,86.772957,92.91688,94.077216,96.799727,108.787188,113.710494,114.039566194226,119.867609183181,123.516315347448,126.783599443422,..,..,..,..
Total greenhouse gas emissions (kt of CO2 equivalent),EN.ATM.GHGT.KT.CE,Brunei Darussalam,BRN,18366.774,17604.6499,23079.6397,20217.9684,19028.9318,21264.6758,18153.2029,18632.4017,9649.3964,9840.8143,10762.0383,10320.0957,10968.956,13195.2164,12998.2302,13738.0621,13549.7996975112,14123.5980784977,14494.4915224535,14828.9670065495,..,..,..,..
Total greenhouse gas emissions (kt of CO2 equivalent),EN.ATM.GHGT.KT.CE,Bulgaria,BGR,108086.0268,85680.649,80517.317,78824.069,76810.448,81769.919,82852.671,78532.982,66195.088,63711.0187,70024.0292,68865.659,68542.7723,69900.815,72526.719,71720.335,65132.8579,67945.3135,72946.6230665323,67942.6956330647,..,..,..,..
Total greenhouse gas emissions (kt of CO2 equivalent),EN.ATM.GHGT.KT.CE,Burkina Faso,BFA,12151.01,11859.682,12607.862,12855.325,13311.2,14072.242,14494.959,15472.865,46470.1,50062.477,43713.288,43284.41,47809.697,41364.167,43631.841,40706.298,43473.0978945734,43405.9091881049,43660.150208767,43910.4023930555,..,..,..,..
Total greenhouse gas emissions (kt of CO2 equivalent),EN.ATM.GHGT.KT.CE,Burundi,BDI,2798.9396,2883.2595,2922.8265,3021.6248,2976.8045,2998.9438,3046.7436,3059.7969,3398.8732,5029.5112,5258.7489,5370.4398,5302.3078,5553.3479,5477.675,5724.9553,5925.87668691856,6040.9823701579,6151.9955362651,6254.37102422528,..,..,..,..
Total greenhouse gas emissions (kt of CO2 equivalent),EN.ATM.GHGT.KT.CE,Cabo Verde,CPV,208.23803,217.50128,237.22145,239.32335,228.66732,252.28469,233.24162,248.79533,333.35502,309.03741,317.10669,335.58995,362.75683,344.53774,359.77141,369.11656,376.400422517821,395.335709236794,403.671489287392,411.32501125158,..,..,..,..
Total greenhouse gas emissions (kt of CO2 equivalent),EN.ATM.GHGT.KT.CE,Cambodia,KHM,19521.916,18192.216,20825.936,20024.625,17755.656,20790.181,19023.223,19550.569,42118.313,108594.633,105986.662,178379.097,101252.49,102119.769,197112.044,120478.859,87674.9467919816,126272.197590116,126838.759921248,127399.586925028,..,..,..,..
Total greenhouse gas emissions (kt of CO2 equivalent),EN.ATM.GHGT.KT.CE,Cameroon,CMR,97554.79,80901.324,91207.085,86690.476,83214.571,90767.146,89198.538,90784.241,163101.039,128242.366,167009.843,97585.679,160728,123887.438,120331.649,120917.192,116739.191913519,99823.2841036055,100386.545956658,100922.136209962,..,..,..,..
Total greenhouse gas emissions (kt of CO2 equivalent),EN.ATM.GHGT.KT.CE,Canada,CAN,608685,626149.44,618673.62,655593.66,807222.82,836025.63,698763.38,690068.75,760643,908686.15,951373.04,1040136.77,849798.74,894922.55,892066.85,908926,749863.654006812,764137.675301163,1033481.98200961,1027063.85487082,..,..,..,..
Total greenhouse gas emissions (kt of CO2 equivalent),EN.ATM.GHGT.KT.CE,Cayman Islands,CYM,297.396063,307.345957,304.096754,265.407542,301.839458,332.31465,331.221815,276.253328,305.997412,311.225218,310.360386,346.17737,346.477973,350.822598,378.938689,397.522851,398.460760394869,422.028104191293,436.231619029776,448.880938380706,..,..,..,..
Total greenhouse gas emissions (kt of CO2 equivalent),EN.ATM.GHGT.KT.CE,Central African Republic,CAF,146226.244,106093.741333333,130433.507666667,117616.745333333,116019.753,133886.529,129536.672666667,132321.703666667,499622.058,350970.59,532900.056,345419.435,455529.683,595439.934,695449.724,603473.098,428273.612164627,511442.689268757,513289.515718343,515134.078641482,..,..,..,..
Total greenhouse gas emissions (kt of CO2 equivalent),EN.ATM.GHGT.KT.CE,Chad,TCD,18338.288,15273.507,17296.592,16302.578,16295.452,17935.686,17780.528,18882.932,129247.645,127184.569,132429.25,125121.297,123870.949,127646.749,128596.504,119558.378,102031.53812638,109130.415140564,109463.638704445,109796.019972251,..,..,..,..
Total greenhouse gas emissions (kt of CO2 equivalent),EN.ATM.GHGT.KT.CE,Channel Islands,CHI,..,..,..,..,..,..,..,..,..,..,..,..,..,..,..,..,..,..,..,..,..,..,..,..
Total greenhouse gas emissions (kt of CO2 equivalent),EN.ATM.GHGT.KT.CE,Chile,CHL,54730.277,52935.482,55414.762,58446.329,62276.668,66432.85,73626.892,82392.688,90384.583,91214.148,94236.304,99878.505,101594.281,101965.01,113127.232,111021.043,110404.531907509,114284.996586273,117661.680608773,120687.892409947,..,..,..,..
Total greenhouse gas emissions (kt of CO2 equivalent),EN.ATM.GHGT.KT.CE,China,CHN,3892675.1604,4035212.6074,4172493.2948,4398290.8204,4613489.2474,5042349.1204,5181880.5144,5113706.8544,5082325.6,5474914.9,6226962.5,7116642.4,7803535.6,8573395.4,9124046.5,10022024.8,10617264.9,11183810.6,12064260.00255,12454710.6051,..,..,..,..
Total greenhouse gas emissions (kt of CO2 equivalent),EN.ATM.GHGT.KT.CE,Colombia,COL,174396.943,172087.4622,178473.7778,188778.681,170315.8152,179102.1058,183442.777,188061.8842,164520.425,148233.516,162980.741,174608.711,150617.798,151546.735,177034.101,167450.086,171912.029047431,166695.866929375,170199.57902723,173411.767914881,..,..,..,..
Total greenhouse gas emissions (kt of CO2 equivalent),EN.ATM.GHGT.KT.CE,Comoros,COM,294.3718926,295.363796,294.837318,301.68603,308.26834,317.95392,325.15124,331.38885,365.90311,406.26874,387.33211,389.6349,480.84327,385.28317,513.65354,579.093,531.670002296986,543.622185158965,554.335660086527,564.2206617218,..,..,..,..
Total greenhouse gas emissions (kt of CO2 equivalent),EN.ATM.GHGT.KT.CE,"Congo, Dem. Rep.",ZAR,1376921.73,1148406.95,1824184.38,1049951.77,1219214.38,1232299.89,1050676.58,998227.15,861822.71,763919.42,748084.2,816309.43,794528.22,922488.68,895387.99,754085.86,731884.62677823,799228.673149844,800756.941604716,802271.302846335,..,..,..,..
Total greenhouse gas emissions (kt of CO2 equivalent),EN.ATM.GHGT.KT.CE,"Congo, Rep.",COG,63552.840401,54144.48936,81648.22119,50189.7587,56841.9658,57957.634,51566.388,49792.182,28435.401,24853.8734,34876.586,34296.33,38914.474,37981.7162,34160.312,31049.211,34611.2805484124,35247.1649100242,35504.4557838841,35743.9185202452,..,..,..,..
Total greenhouse gas emissions (kt of CO2 equivalent),EN.ATM.GHGT.KT.CE,Costa Rica,CRI,8593.78662,8911.0919,10124.4642,10053.9053,10457.2953,10054.8498,9907.2872,9924.6088,9851.2703,9998.1717,10415.8412,10571.6665,10095.2385,10715.1246,11298.0278,10806.5413,11067.7508013063,11684.5675043084,11994.6875158322,12274.1340926836,..,..,..,..
Total greenhouse gas emissions (kt of CO2 equivalent),EN.ATM.GHGT.KT.CE,Cote d'Ivoire,CIV,152200.604,123933.505,142539.491,133509.605,133399.834,147447.844,145020.625,148926.935,29442.742,28670.943,22407.145,22931.735,26282.736,27248.765,27859.552,29682.239,30685.2342736302,32525.2533486886,33027.4827204803,33502.160237923,..,..,..,..
Total greenhouse gas emissions (kt of CO2 equivalent),EN.ATM.GHGT.KT.CE,Croatia,HRV,34734.33116,26347.55991,24794.92522,24880.32833,24087.79944,24621.25356,24101.40167,26444.91278,27312.045,28301.7261,30011.8762,29691.5132,29863.54461,30290.0744,33301.0976,32938.0609,31461.0364,31172.6453,30453.5113317779,30421.0493635559,..,..,..,..
Total greenhouse gas emissions (kt of CO2 equivalent),EN.ATM.GHGT.KT.CE,Cuba,CUB,57043.9724,50969.229,46322.717,43694.766,45487.643,46584.977,48578.107,49638.525,46257.54,48831.036,48493.237,48579.217,45763.451,45505.476,44012.986,48557.436,50545.3964985048,49782.5314025299,51170.7478479685,52418.4556499535,..,..,..,..
Total greenhouse gas emissions (kt of CO2 equivalent),EN.ATM.GHGT.KT.CE,Curacao,CUW,..,..,..,..,..,..,..,..,..,..,..,..,..,..,..,..,..,..,..,..,..,..,..,..
Total greenhouse gas emissions (kt of CO2 equivalent),EN.ATM.GHGT.KT.CE,Cyprus,CYP,5130.35771,5706.58558,6071.51999,6262.59944,6692.74486,6594.24968,6931.64803,7004.32781,7952.74819,8040.81118,8896.65236,8725.29901,8911.6747,8761.86464,9077.2757,9165.95482,7716.27396,7563.8018,7652.33091598057,7431.19345348047,..,..,..,..
Total greenhouse gas emissions (kt of CO2 equivalent),EN.ATM.GHGT.KT.CE,Czech Republic,CZE,196206.7838,178391.636,167251.292,158445.711,151011.564,150508.561,154942.057,149454.444,162021.192,152372.4188,157836.1244,152079.88929,147551.436,147768.299,149838.95488,144072.577,137877.28962,145706.917,144613.247371501,138957.424743003,..,..,..,..
Total greenhouse gas emissions (kt of CO2 equivalent),EN.ATM.GHGT.KT.CE,Denmark,DNK,72484.035,83046.294,76784.979,79296.696,82945.802,79490.347,92887.163,83193.33,68553.546,69387.745,75002.52631,68854.75541,64816.68547,72755.336,67993.19979,65167.02911,63012.0156546705,63679.0897800674,58416.0447370069,53703.2239270284,..,..,..,..
Total greenhouse gas emissions (kt of CO2 equivalent),EN.ATM.GHGT.KT.CE,Djibouti,DJI,1821.59311,1920.30307,1767.07926,1790.1536,1825.03911,1914.42352,1915.84389,2018.25084,1969.1694,2019.00941,2094.82443,2115.89772,2160.03724,2149.82654,2432.43131,2518.567,2523.21548727578,2629.83257395005,2701.62250690939,2766.30381501414,..,..,..,..
Total greenhouse gas emissions (kt of CO2 equivalent),EN.ATM.GHGT.KT.CE,Dominica,DMA,130.666114,130.209383,130.022749,127.385527,138.259049,140.324977,140.930947,132.074561,140.86978,159.091129,162.647925,175.050583,174.603343,191.163414,195.278392,202.798108,203.107461505429,211.314184610682,217.382774399324,222.835577813651,..,..,..,..
Total greenhouse gas emissions (kt of CO2 equivalent),EN.ATM.GHGT.KT.CE,Dominican Republic,DOM,17001.1508,17837.37014,19815.45404,19630.34268,21226.56948,22043.95752,23333.57392,25012.87426,28492.2016,29253.3232,28367.1271,28493.9958,29247.7907,29635.7214,30393.1473,30646.076,30499.8469375531,31668.7077187034,32578.1585810517,33395.0844298818,..,..,..,..
Total greenhouse gas emissions (kt of CO2 equivalent),EN.ATM.GHGT.KT.CE,Ecuador,ECU,30859.4911,32029.751,33098.36,33609.924,36622.328,38984.728,41250.815,41388.371,39805.121,42616.27,44122.401,45931.824,47049.334,48495.587,49801.889,47603.308,49448.3280129417,50320.6980317543,51593.6633841968,52746.5726940589,..,..,..,..
Total greenhouse gas emissions (kt of CO2 equivalent),EN.ATM.GHGT.KT.CE,"Egypt, Arab Rep.",EGY,139101.6501,141847.456,148268.623,150970.47,146652.195,155524.883,159241.031,165320.704,184459.7407,202779.0124,211890.8016,223361.4238,243789.5327,256320.5954,266252.2745,269736.626,266325.429884229,280255.576563894,288287.828043016,295499.745446082,..,..,..,..
Total greenhouse gas emissions (kt of CO2 equivalent),EN.ATM.GHGT.KT.CE,El Salvador,SLV,6685.708201,7558.800082,8044.88808,8323.3196,9025.1887,9244.0507,9079.1212,10076.6089,10344.8258,11242.8073,11251.2782,11578.8968,11528.2484,11690.5465,12085.9588,11979.6733,11911.5614974884,11978.8533908473,12293.6068691146,12577.7897375628,..,..,..,..
Total greenhouse gas emissions (kt of CO2 equivalent),EN.ATM.GHGT.KT.CE,Equatorial Guinea,GNQ,243.380047,656.363545,1057.039888,1476.239755,1878.04334,1991.990874,2146.816459,2937.211666,4048.32908,4392.64192,4700.1844,5553.97954,5675.88963,5693.14183,5927.13969,5766.37061,5840.52221773663,6099.11390788911,6243.10307072571,6374.17105425022,..,..,..,..
Total greenhouse gas emissions (kt of CO2 equivalent),EN.ATM.GHGT.KT.CE,Eritrea,ERI,3335.2411,3334.6589,3688.5283,3457.7812,3603.5561,3751.3187,4186.3125,4543.0152,4981.2584,4456.5509,4481.7148,4532.7421,4476.2926,4483.4227,4868.8631,4954.7574,4751.093152378,4844.785693043,4912.88017286787,4977.88803281947,..,..,..,..
Total greenhouse gas emissions (kt of CO2 equivalent),EN.ATM.GHGT.KT.CE,Estonia,EST,55787.31741,51527.4219,41259.5838,34874.9733,34255.4135,31933.334,32604.2831,32114.2147,17768.8082,22955.3596,19449.73738,20024.42742,20053.5829,19628.3862,23503.7062,21871.9123,18815.60914,22767.1259,24378.846055451,23292.7792109021,..,..,..,..
Total greenhouse gas emissions (kt of CO2 equivalent),EN.ATM.GHGT.KT.CE,Ethiopia,ETH,67300.580553,63661.39064,68922.40705,65357.9845,65880.9686,69202.104,71509.731,73810.378,183617.668,186749.543,171731.661,175248.634,200010.181,175184.51,189006.75,175266.23,182032.58408693,182771.197854415,184045.876084179,185292.168103158,..,..,..,..
Total greenhouse gas emissions (kt of CO2 equivalent),EN.ATM.GHGT.KT.CE,Faroe Islands,FRO,51.384864,51.750195,52.119561,52.596633,52.85277,53.128706,53.363348,53.668191,43.94297,44.106747,44.318408,44.58465,44.810187,45.057112,45.353056,45.688811,46.0288441264185,46.5101708393574,47.0270853151734,47.5359335500332,..,..,..,..
Total greenhouse gas emissions (kt of CO2 equivalent),EN.ATM.GHGT.KT.CE,Fiji,FJI,2328.8648,2172.7677,2001.1226,2100.3313,2084.0727,2182.1965,2222.8921,2217.2037,1574.6846,1806.9992,1931.6877,1810.4797,1836.0699,1945.9711,2097.6959,2123.9629,2336.07495179159,2163.92228733812,2213.24287418135,2258.17305672094,..,..,..,..
Total greenhouse gas emissions (kt of CO2 equivalent),EN.ATM.GHGT.KT.CE,Finland,FIN,75555.06141,75468.13313,71840.83651,73474.77034,80759.09578,77426.35974,83954.85492,82093.03433,75117.479,83951.8501,95013.026,88571.158,76199.7899,88152.9764,85742.2331,78384.73416,74993.8863442864,84371.5387256094,76124.6255948726,69072.9387223345,..,..,..,..
Total greenhouse gas emissions (kt of CO2 equivalent),EN.ATM.GHGT.KT.CE,France,FRA,554685.28,580971.95,564014.19,541094.38,538140.6,543013.14,572529.08,565220.99,559922.199,557850.1275,564607.176,560648.8432,557130.1263,547361.3761,540947.1359,544424.0617,527525.776542167,532133.040360555,502656.654982811,499146.634492193,..,..,..,..
Total greenhouse gas emissions (kt of CO2 equivalent),EN.ATM.GHGT.KT.CE,French Polynesia,PYF,1014.46011,970.22494,960.66803,956.92728,758.91542,777.49719,778.38643,821.24715,610.09538,569.91726,654.36042,657.54479,678.19443,653.20842,689.488,717.56322,716.596642090272,754.737560047553,778.586485586382,799.897576604797,..,..,..,..
Total greenhouse gas emissions (kt of CO2 equivalent),EN.ATM.GHGT.KT.CE,Gabon,GAB,12276.85768,11480.43134,14096.5123,11793.39091,12266.2763,13230.3662,13569.32261,12977.42718,32923.10176,12656.0146,14728.7863,15137.5402,14185.9193,13966.24445,13080.5403,61809.4079,14325.6426511649,34053.552420328,34324.7623145748,34570.626576672,..,..,..,..
Total greenhouse gas emissions (kt of CO2 equivalent),EN.ATM.GHGT.KT.CE,"Gambia, The",GMB,1189.5885,1142.19488,1179.6009,1164.03682,1195.51436,1244.1703,1240.7395,1251.1653,2864.9869,3407.835,2438.47282,3115.4536,3001.6,3751.6136,4029.4209,3350.4432,3012.97665945821,3481.57320442381,3505.92445910053,3529.23152956181,..,..,..,..
Total greenhouse gas emissions (kt of CO2 equivalent),EN.ATM.GHGT.KT.CE,Georgia,GEO,38220.5924,31422.526,27307.6154,23015.2493,16492.9776,13616.2717,12931.4294,12076.9571,11554.305612,20647.4741,9653.4444,10168.475,11190.1678,11840.2366,12884.9934,12282.1374,13250.1200201929,13108.6237650807,14665.8003034717,14627.7492943065,..,..,..,..
Total greenhouse gas emissions (kt of CO2 equivalent),EN.ATM.GHGT.KT.CE,Germany,DEU,1256074.03,1219016.83,1158796.5,1147631.32,1135937.69,1131718.77,1153137.92,1122917.37,1016295.545,1007404.92744,1017485.97756,1016628.79012,981287.68434,994686.04577,972896.22535,992116.30262,950463.408604366,948006.754235074,929540.263405034,951716.711065489,..,..,..,..
Total greenhouse gas emissions (kt of CO2 equivalent),EN.ATM.GHGT.KT.CE,Ghana,GHA,29495.582968,24852.77602,28645.7817,27635.0507,27994.319,30510.819,30600.449,31402.41,107699.825,92865.732,108030.308,71082.313,113159.707,104044.725,107333.767,124072.65,104912.635467253,106432.692607526,107126.215493213,107784.294435056,..,..,..,..
Total greenhouse gas emissions (kt of CO2 equivalent),EN.ATM.GHGT.KT.CE,Gibraltar,GIB,159.451771,219.415677,257.86306,261.326759,305.461607,302.597532,305.73852,318.425797,356.180185,368.847075,384.493309,387.802926,397.694674,413.75552,426.49841,417.566705,417.916276542928,443.482165705333,459.115654966115,473.005729316361,..,..,..,..
Total greenhouse gas emissions (kt of CO2 equivalent),EN.ATM.GHGT.KT.CE,Greece,GRC,96659.0445,95667.0694,96932.2341,96322.2887,97432.0727,99302.9466,102354.4439,106166.9433,115225.458,115164.4186,118731.242,118117.942,120036.209,117313.2946,127392.258,117310.663,113365.798767144,107505.979055767,105013.933556742,100571.170745123,..,..,..,..
Total greenhouse gas emissions (kt of CO2 equivalent),EN.ATM.GHGT.KT.CE,Greenland,GRL,201.3813,204.36377,207.44936,210.43475,213.36314,216.27972,219.16419,222.05167,230.22843,235.34558,238.20061,240.91335,243.68401,246.44199,249.2186,251.9861,254.705158613571,257.571531574549,260.212684343796,262.843649773248,..,..,..,..
Total greenhouse gas emissions (kt of CO2 equivalent),EN.ATM.GHGT.KT.CE,Grenada,GRD,157.901249,157.455163,157.733335,156.3931,185.626991,177.638538,197.291173,208.009707,474.9675,479.72813,473.3431,501.036206,562.250665,628.852762,625.75656,643.730012,645.080683567652,682.65769207226,705.684685472562,726.185419740993,..,..,..,..
Total greenhouse gas emissions (kt of CO2 equivalent),EN.ATM.GHGT.KT.CE,Guam,GUM,60.1849157,61.4934162,62.9747314,64.4612187,65.8566316,67.2026511,68.4943945,69.7976531,69.55195,72.248862,73.5058179,74.8363805,76.0846518,77.3803765,78.7497834,80.2123132,81.4806286961758,83.6212456391392,84.7696534428198,85.8694584981447,..,..,..,..
Total greenhouse gas emissions (kt of CO2 equivalent),EN.ATM.GHGT.KT.CE,Guatemala,GTM,14907.3608,16838.0136,16635.2634,18470.0739,18478.472,19535.9363,19900.9513,19295.8504,70005.686,31424.57,55215.322,24367.657,41739.125,27001.199,34084.597,32857.908,37118.6643315547,30327.54697826,30950.2537441356,31515.4501791152,..,..,..,..
Total greenhouse gas emissions (kt of CO2 equivalent),EN.ATM.GHGT.KT.CE,Guinea,GIN,65170.672,52861.472,60026.43,56361.519,56326.349,62537.279,61747.238,62164.736,84360.143,102233.507,75067.41,76276.002,81922.61,101496.413,91126.982,135227.869,160212.122008992,100274.039948299,100814.392078924,101348.988273839,..,..,..,..
Total greenhouse gas emissions (kt of CO2 equivalent),EN.ATM.GHGT.KT.CE,Guinea-Bissau,GNB,1628.8117,1495.2571,1592.9894,1580.6816,1598.6278,1701.0715,1693.0587,1709.1528,6791.4424,5926.6406,10897.1552,7123.6567,5582.0385,10458.9408,6842.4988,5808.0868,5046.75756824414,7536.35781347783,7571.17684486716,7604.73449731623,..,..,..,..
Total greenhouse gas emissions (kt of CO2 equivalent),EN.ATM.GHGT.KT.CE,Guyana,GUY,16735.4609,16507.5378,17371.6248,18525.3771,15223.2723,16107.0376,16425.0066,16419.2694,4405.2298,5086.4668,5790.9817,4964.8907,4917.3336,4648.2197,4939.3293,5112.8356,25763.6931891269,5937.29421093619,6042.57849427375,6140.68725152308,..,..,..,..
Total greenhouse gas emissions (kt of CO2 equivalent),EN.ATM.GHGT.KT.CE,Haiti,HTI,5356.9867,5536.08328,5786.08946,5629.42613,5181.82321,5951.28549,6270.28747,6632.31434,7179.0971,7616.2803,7598.8926,7871.3117,8059.9368,8169.6886,8537.2077,8462.3932,8453.14776108017,8545.16780836899,8695.42577952115,8835.46690838767,..,..,..,..
Total greenhouse gas emissions (kt of CO2 equivalent),EN.ATM.GHGT.KT.CE,Honduras,HND,13722.119,15438.3365,14386.6432,15373.2698,15631.6424,16822.7579,17186.9874,16118.7635,21929.621,14868.5855,22792.4616,15006.2446,23206.9081,16686.6526,19178.5335,19785.857,19877.5557663616,19663.7156155789,20084.1362219677,20467.1629868832,..,..,..,..
Total greenhouse gas emissions (kt of CO2 equivalent),EN.ATM.GHGT.KT.CE,"Hong Kong SAR, China",HKG,37253.7089,40213.3517,44708.1172,47200.5892,40749.5879,40640.8644,39765.2874,37267.4252,45292.8777,45160.4454,47892.75,45969.3657,46413.3095,47373.1455,49054.4347,51945.7835,52038.7287180895,55049.4029662817,56946.3878595726,58633.5167723061,..,..,..,..
Total greenhouse gas emissions (kt of CO2 equivalent),EN.ATM.GHGT.KT.CE,Hungary,HUN,97552.24,90225.968,79814.797,79257.691,78548.093,77421.416,80713.521,78760.592,75482.05879,74621.9861,76989.2295,75935.9504,75543.75689,75140.63523,72331.2477,71578.8505,65812.1371,66250.7743,64385.0040495242,62988.3997990485,..,..,..,..
Total greenhouse gas emissions (kt of CO2 equivalent),EN.ATM.GHGT.KT.CE,Iceland,ISL,21761.01853,21712.5972,20807.9459,20893.579,20984.0892,20878.6768,21181.6131,21089.4536,4122.3355,3963.3871,3941.8621,4023.2683,3980.6272,4230.9316,4449.1071,5043.3159,5144.2887106422,5390.98473567479,5530.25743465459,5514.85399229931,..,..,..,..
Total greenhouse gas emissions (kt of CO2 equivalent),EN.ATM.GHGT.KT.CE,India,IND,1387371.82,1443266.28,1486420.6,1521727.9,1581028.22,1651503.01,1708836.97,1761537.39,1885189,1917294.66,1976449.15,2090334.85,2117460.59,2232760.11,2382011.76,2438714.28,2594639.91697394,2771456.75614684,2828845.82898461,3002894.92752695,..,..,..,..
Total greenhouse gas emissions (kt of CO2 equivalent),EN.ATM.GHGT.KT.CE,Indonesia,IDN,1165113.41,2212869.12,2097491.51,1396509.98,2156232.29,1315570.67,1314060.75,5040841.3,622464.65,1720445.17,888646.15,1060213.55,1171042.59,2381293.72,772946.22,796581.92,1148285.67917462,744790.024070399,763553.164939774,780550.764031458,..,..,..,..
Total greenhouse gas emissions (kt of CO2 equivalent),EN.ATM.GHGT.KT.CE,"Iran, Islamic Rep.",IRN,283712.886,309948.399,328777.884,328038.417,363853.514,370387.944,385888.414,402922.917,448089.454,483378.505,516232.685,552318.804,576650.654,619914.466,650956.813,511994.769,522841.167132272,529830.348644122,545075.014864847,551144.132445905,..,..,..,..
Total greenhouse gas emissions (kt of CO2 equivalent),EN.ATM.GHGT.KT.CE,Iraq,IRQ,99866.44,70211.023,79840.903,96576.367,106658.004,107285.105,98175.476,103253.907,124402.47,128686.157,107790.878,125423.582,124611.697,129502.484,130078.493,137871.117,138423.769146231,146903.733169242,151457.060059124,155529.505046712,..,..,..,..
Total greenhouse gas emissions (kt of CO2 equivalent),EN.ATM.GHGT.KT.CE,Ireland,IRL,65583.192,65980.203,65914.962,66338.242,67790.031,68374.024,70151.949,71594.306,68143.29,69094.685189,68872.5353,68770.04183,70080.71247,71503.3484,70033.0319,70132.71958,65613.0705702765,65591.2459838566,61268.1023659476,62433.0138852174,..,..,..,..
Total greenhouse gas emissions (kt of CO2 equivalent),EN.ATM.GHGT.KT.CE,Isle of Man,IMY,..,..,..,..,..,..,..,..,..,..,..,..,..,..,..,..,..,..,..,..,..,..,..,..
Total greenhouse gas emissions (kt of CO2 equivalent),EN.ATM.GHGT.KT.CE,Israel,ISR,39609.3299,40313.9671,42952.5358,46736.9554,50063.7458,53255.1994,56520.4864,58641.0529,65619.3898423,69487.8009,71533.77838,70576.27465,71353.03175,73591.54212,77128.57252,75238.54546,75026.0352778109,79072.4356631562,81703.9131146652,84044.4344111728,..,..,..,..
Total greenhouse gas emissions (kt of CO2 equivalent),EN.ATM.GHGT.KT.CE,Italy,ITA,508764.943,506084.173,504110.294,496267.322,493411.783,518470.761,507338.856,508373.858,547349.86,550782.069,564951.183,562794.853,564114.951,563324.943,547383.143,529283.803,480698.223117841,489460.132730355,482619.037546784,482634.000294537,..,..,..,..
Total greenhouse gas emissions (kt of CO2 equivalent),EN.ATM.GHGT.KT.CE,Jamaica,JAM,9319.21737,9371.5824,10249.7128,10465.9562,10521.7448,10886.3338,11247.785,11457.9309,12364.4322,12392.1182,12959.0415,13419.4675,13314.8946,14549.9645,15423.5468,13912.5571,13884.0972177137,14581.6781043858,15053.5054602312,15474.3204085017,..,..,..,..
Total greenhouse gas emissions (kt of CO2 equivalent),EN.ATM.GHGT.KT.CE,Japan,JPN,1304676.03,1318933.78,1330643.26,1333072.7,1385835.23,1421640.91,1424112.7,1414397.05,1406194.588,1422453.194,1428102.126,1427399.203,1439905.158,1425898.63,1461356.118,1385164.839,1290243.64782972,1350427.9134916,1396767.26078631,1478858.88126732,..,..,..,..
Total greenhouse gas emissions (kt of CO2 equivalent),EN.ATM.GHGT.KT.CE,Jordan,JOR,11599.3165797,11892.662547,13938.77676,14432.90871,15032.0313,15834.0643,16405.7396,16830.7854,17799.0188,18834.63186,18728.0081,20882.0096,22339.7323,22823.0797,23900.584,24469.11527,24315.6473389454,25590.049644546,26440.7735323218,27198.5945143973,..,..,..,..
Total greenhouse gas emissions (kt of CO2 equivalent),EN.ATM.GHGT.KT.CE,Kazakhstan,KAZ,372290.9362,362868.415,366068.723,326956.867,288847.538,247266.945,272328.5,207305.66,207395.42,285884.292,256799.005,285197.38,291641.047,324812.472,315840.136,330512.052,287801.126034189,347356.081602398,350475.734882164,366502.19730054,..,..,..,..
Total greenhouse gas emissions (kt of CO2 equivalent),EN.ATM.GHGT.KT.CE,Kenya,KEN,38943.126,38141.052,39012.029,39846.354,41268.314,41798.476,41134.09,41235.589,46237.25,43784.866,46308.659,46544.163,48661.628,50017.915,53054.236,53277.032,52547.6800367631,52675.1023516439,53513.9923820998,54302.0956122537,..,..,..,..
Total greenhouse gas emissions (kt of CO2 equivalent),EN.ATM.GHGT.KT.CE,Kiribati,KIR,39.7799279,44.2063472,40.9590299,41.2235548,39.4362545,40.1591934,42.230296,43.715237,42.698831,44.793808,44.635066,46.230684,44.618351,44.547904,51.375821,52.441724,52.6991169526772,55.219713920603,56.6998132419489,58.0354562264246,..,..,..,..
Total greenhouse gas emissions (kt of CO2 equivalent),EN.ATM.GHGT.KT.CE,"Korea, Dem. People’s Rep.",PRK,162999.454,155908.963,142827.289,132389.657,119835.711,111920.307,100618.396,98661.432,97813.668,96022.3694,98123.02581,101210.574,106557.193,106807.1721,92054.1519,99381.168,99920.3788841107,104116.604314427,107165.318927918,109894.964984758,..,..,..,..
Total greenhouse gas emissions (kt of CO2 equivalent),EN.ATM.GHGT.KT.CE,"Korea, Rep.",KOR,300501.326,328691.416,354614.82,385035.318,418012.512,453629.667,487344.746,513934.866,512819.936,534839.283,546211.11377,562450.9571,561372.5433,565697.20066,575558.3818,594982.1988,594493.202241893,628838.721073131,650085.534882287,668989.651446327,..,..,..,..
Total greenhouse gas emissions (kt of CO2 equivalent),EN.ATM.GHGT.KT.CE,Kosovo,KSV,..,..,..,..,..,..,..,..,..,..,..,..,..,..,..,..,..,..,..,..,..,..,..,..
Total greenhouse gas emissions (kt of CO2 equivalent),EN.ATM.GHGT.KT.CE,Kuwait,KWT,34951.6946,47185.0815,37631.0113,46152.1963,54782.3429,57167.7332,56837.7997,59684.9071,65239.5715,62755.2671,74340.5263,82089.0534,91416.6572,87101.2683,86228.4561,89301.4427,88824.8817802557,93785.5685485441,96788.1942169604,99467.1164008466,..,..,..,..
Total greenhouse gas emissions (kt of CO2 equivalent),EN.ATM.GHGT.KT.CE,Kyrgyz Republic,KGZ,33283.18809,30183.3567,22014.0663,17742.7522,13406.1932,10488.6816,12527.7409,11417.8648,9973.9558,10365.5904,10992.9099,11243.6025,10852.4673,10680.9086,11464.2627,11873.2617,13218.8107777734,13008.5431032492,13853.6745152227,13794.7412448409,..,..,..,..
Total greenhouse gas emissions (kt of CO2 equivalent),EN.ATM.GHGT.KT.CE,Lao PDR,LAO,30128.598,26620.375,38440.377,31462.783,28147.016,31879.678,24691.465,24955.413,24667.954,34783.697,20412.978,76333.64,53444.812,25073.368,70977.957,21335.613,24469.6379259297,38034.9636272718,161456.982700603,161718.737448862,..,..,..,..
Total greenhouse gas emissions (kt of CO2 equivalent),EN.ATM.GHGT.KT.CE,Latvia,LVA,33667.7706,31579.4731,27370.8426,24046.0891,21073.774,18782.998,18788.7645,18051.4526,11507.8095,13748.3487,12783.2611,13021.8197,13288.2027,14054.3664,14416.1433,14204.6668,13580.3226,14670.0039,14150.0953121195,13943.921724239,..,..,..,..
Total greenhouse gas emissions (kt of CO2 equivalent),EN.ATM.GHGT.KT.CE,Lebanon,LBN,7963.1852,9718.72493,10083.44817,12647.1704,13588.25853,15558.41777,16648.2645,18223.05133,16825.6618,17968.86134,20293.94799,18716.22341,19431.44925,16947.8808,15102.0736,18270.36045,18132.6323118552,19139.270080816,19791.4958766257,20371.9733533155,..,..,..,..
Total greenhouse gas emissions (kt of CO2 equivalent),EN.ATM.GHGT.KT.CE,Lesotho,LSO,1882.4258,1872.9355,2108.6519,1990.9259,1969.1242,1938.4438,1839.49,1810.8851,3230.5765,2941.8226,4650.1065,2341.0011,3703.9041,2161.3032,4439.4282,2543.498,2727.98013422641,3425.27889786419,3449.40565110162,3472.70753642453,..,..,..,..
Total greenhouse gas emissions (kt of CO2 equivalent),EN.ATM.GHGT.KT.CE,Liberia,LBR,1752.526409,1476.78731,1443.58754,1406.24366,1385.60436,1428.10412,1491.93851,1602.40617,2076.31708,2047.18953,2062.90724,2311.5503,2082.70263,2475.8958,2847.6082,2863.1407,2599.79846235048,2758.54687127273,2797.37082211107,2833.94277850522,..,..,..,..
Total greenhouse gas emissions (kt of CO2 equivalent),EN.ATM.GHGT.KT.CE,Libya,LBY,61074.1542,61081.0877,55474.6102,55551.4748,60863.3452,65215.4728,67250.6652,63411.2107,63666.8898,63328.5875,68226.6741,68566.5541,69931.74,71318.6748,71090.5683,74238.8201,73995.4159130736,77780.0897279971,80072.8192017551,82129.133946468,..,..,..,..
Total greenhouse gas emissions (kt of CO2 equivalent),EN.ATM.GHGT.KT.CE,Liechtenstein,LIE,..,..,..,..,..,..,..,..,..,..,..,..,..,..,..,..,..,..,..,..,..,..,..,..
Total greenhouse gas emissions (kt of CO2 equivalent),EN.ATM.GHGT.KT.CE,Lithuania,LTU,54344.5327,56222.146,38057.553,31683.24,30200.133,29219.71,30160.761,29876.404,21257.1305,21963.75,21789.3066,22521.04332,23569.40751,24082.2094,25791.099,26732.648,24473.52047,26786.483,29324.6896732865,29442.2123465731,..,..,..,..
Total greenhouse gas emissions (kt of CO2 equivalent),EN.ATM.GHGT.KT.CE,Luxembourg,LUX,13101.9844,13752.49703,13533.83,13758.01445,12977.04983,10728.9068,10528.9944,10135.52208,10268.3634,11557.2574,12047.2209,13115.9247,13445.8188,13493.6595,13072.4388,12702.3411,12343.3163024847,13034.8157583223,12929.5408156803,12610.9976195246,..,..,..,..
Total greenhouse gas emissions (kt of CO2 equivalent),EN.ATM.GHGT.KT.CE,"Macao SAR, China",MAC,1016.215687,999.121773,1050.884022,1166.860801,1227.650437,1186.793071,1360.0356,1440.435603,1287.195182,1215.439736,1178.729469,1342.656846,1354.581984,1329.94063,1409.208694,1484.326215,1487.30063325687,1573.8575877553,1626.73889331222,1673.83779769139,..,..,..,..
Total greenhouse gas emissions (kt of CO2 equivalent),EN.ATM.GHGT.KT.CE,"Macedonia, FYR",MKD,14328.5064,12880.3406,11588.8962,11783.728,11650.6719,11579.5453,12809.7343,11705.1883,11607.053,10692.75856,11060.578476,11250.99586,11591.60108,11559.34434,12465.444,11742.8238,11639.367239289,12257.5435281439,12645.7140398317,12992.2469938559,..,..,..,..
Total greenhouse gas emissions (kt of CO2 equivalent),EN.ATM.GHGT.KT.CE,Madagascar,MDG,48353.24978,43906.18782,57425.8863,42514.656,45839.383,46520.596,43115.832,42210.393,84187.244,84561.656,163798.098,87784.422,159818.564,107263.379,134284.869,94468.136,117984.460835901,117231.040631623,117586.217732155,117932.597060147,..,..,..,..
Total greenhouse gas emissions (kt of CO2 equivalent),EN.ATM.GHGT.KT.CE,Malawi,MWI,8537.0945,7968.8054,10138.423,7510.2435,7781.9892,8132.4539,7698.4542,7584.7339,15450.3876,14272.7598,20340.8092,15083.1634,20503.2074,15055.3741,17520.1761,17735.299,15595.8303564547,21415.5371809398,21525.7616594699,21632.1320932947,..,..,..,..
Total greenhouse gas emissions (kt of CO2 equivalent),EN.ATM.GHGT.KT.CE,Malaysia,MYS,198587.5635,200252.3506,253515.5852,235936.2626,228129.1697,252184.5882,240004.9957,245919.3852,171393.521,199983.481,195386.718,216283.733,246665.158,240375.427,250680.678,256755.874,277979.415615578,263676.105986662,271818.836761596,279098.376755817,..,..,..,..
Total greenhouse gas emissions (kt of CO2 equivalent),EN.ATM.GHGT.KT.CE,Maldives,MDV,130.890855,130.438253,129.377728,157.395204,260.647134,343.534103,344.677926,337.75302,305.082424,414.649524,454.42501,466.122636,486.612249,568.420471,615.327781,642.085684,645.265816054755,684.09863052366,706.853988130539,727.131787406295,..,..,..,..
Total greenhouse gas emissions (kt of CO2 equivalent),EN.ATM.GHGT.KT.CE,Mali,MLI,30794.145,26648.862,29573.934,28544.464,28923.565,31483.013,31338.259,32233.054,70241.634,79829.518,67302.869,88391.546,87079.094,83577.389,74744.398,86890.413,74104.2691956336,76827.8814527539,77134.1826164302,77437.931654233,..,..,..,..
Total greenhouse gas emissions (kt of CO2 equivalent),EN.ATM.GHGT.KT.CE,Malta,MLT,2605.29414,2501.46927,2464.87426,3123.18766,2824.34096,2710.72427,2659.97264,2835.19023,2553.04695,2551.86278,2955.31074,3020.00875,3166.96708,3056.57731,3227.64269,2125.54781,1977.41451,2053.759,2025.45733335841,1921.12774774241,..,..,..,..
Total greenhouse gas emissions (kt of CO2 equivalent),EN.ATM.GHGT.KT.CE,Marshall Islands,MHL,4.91486501,5.14215605,5.34790782,5.51278295,5.67044949,5.80816657,6.02670761,6.12425321,6.2147301,6.35942838,6.46754891,6.60104991,6.74162671,6.89113366,7.09235152,7.31844938,7.54676704,7.80041439,7.8784185339,7.9564226778,..,..,..,..
Total greenhouse gas emissions (kt of CO2 equivalent),EN.ATM.GHGT.KT.CE,Mauritania,MRT,5976.906,6220.5861,7689.3047,7883.2518,7881.2337,8039.7137,8251.8602,8692.7971,11950.5596,10019.5833,10307.2832,11027.6403,11475.5441,11509.7784,13429.1196,11721.4539,11967.5831531667,12951.0065581117,13153.8609240339,13343.1626272099,..,..,..,..
Total greenhouse gas emissions (kt of CO2 equivalent),EN.ATM.GHGT.KT.CE,Mauritius,MUS,1576.65897,1618.56618,1700.70198,1666.71411,1658.38091,1834.36248,1844.65828,1937.96653,2438.99731,2464.90278,2527.17906,2725.23799,2854.48193,2907.95646,2994.73979,3149.76195,3155.45239150623,3334.10679453031,3441.62204183213,3537.54871124277,..,..,..,..
Total greenhouse gas emissions (kt of CO2 equivalent),EN.ATM.GHGT.KT.CE,Mexico,MEX,494151.02,505174.028,494645.64,502121.057,520225.772,515961.212,532804.427,539136.339,576489.52,567679.66,601685.72,567790.06,641308.82,642137.77,646318.66,644167.96,648860.079135921,643375.43361602,652861.29145972,663424.954361171,..,..,..,..
Total greenhouse gas emissions (kt of CO2 equivalent),EN.ATM.GHGT.KT.CE,"Micronesia, Fed. Sts.",FSM,47.63686,48.517143,49.427856,50.3221,50.622584,57.82718,58.091752,58.293747,38.664189,38.988045,39.165261,39.343952,39.489149,39.653405,39.87803,40.114106,40.399419,40.624889,41.03113789,41.43738678,..,..,..,..
Total greenhouse gas emissions (kt of CO2 equivalent),EN.ATM.GHGT.KT.CE,Moldova,MDA,38029.79932,31646.0445,26833.6086,22774.423,19013.9288,16651.8869,16914.8593,15739.9844,10796.1408,11279.53115,11996.300315,12302.81733,12762.8576,12243.7973,12163.9801,11170.1713,11008.6907771068,11338.7077686998,11433.4868914836,11350.629999647,..,..,..,..
Total greenhouse gas emissions (kt of CO2 equivalent),EN.ATM.GHGT.KT.CE,Monaco,MCO,..,..,..,..,..,..,..,..,..,..,..,..,..,..,..,..,..,..,..,..,..,..,..,..
Total greenhouse gas emissions (kt of CO2 equivalent),EN.ATM.GHGT.KT.CE,Mongolia,MNG,58042.678,58062.256,59494.811,57860.676,56917.884,59119.415,60763.2491,60760.1461,51756.455,50488.318,39185.705,25435.527,27669.265,37790.423,55403.599,46513.8,50237.0158902693,24860.3781081674,25428.9476397532,25944.2551989366,..,..,..,..
Total greenhouse gas emissions (kt of CO2 equivalent),EN.ATM.GHGT.KT.CE,Montenegro,MNE,..,..,..,..,..,..,..,..,..,..,..,..,..,..,..,..,..,..,..,..,..,..,..,..
Total greenhouse gas emissions (kt of CO2 equivalent),EN.ATM.GHGT.KT.CE,Morocco,MAR,37543.266,38293.349,39519.9,39455.137,41252.803,41902.279,42078.662,43941.603,50974.378,53925.24019,54270.6439,65993.198,70022.09,71423.4066,73113.44,72650.847,72152.210619649,76087.3788481451,78381.399786628,80436.7152145251,..,..,..,..
Total greenhouse gas emissions (kt of CO2 equivalent),EN.ATM.GHGT.KT.CE,Mozambique,MOZ,40943.06776,33997.2955,53298.3008,30793.921,35829.728,36851.038,31666.106,30429.449,215278.008,248706.421,354834.811,301972.73,349872.741,301392.9914,317678.2949,363780.5718,307176.207409471,379823.550388872,380073.237805556,380308.292508061,..,..,..,..
Total greenhouse gas emissions (kt of CO2 equivalent),EN.ATM.GHGT.KT.CE,Myanmar,MMR,875447.03,776791.23,1151425.85,937442.45,820857.17,943040.18,704660.58,697087.16,185137.09,226294.68,187353.37,379912.77,223012.72,199289.348,349940.751,189004.373,266006.03229454,325367.139062547,526919.838488792,528416.217662507,..,..,..,..
Total greenhouse gas emissions (kt of CO2 equivalent),EN.ATM.GHGT.KT.CE,Namibia,NAM,7299.9503,7246.8113,8369.4607,6904.621,7299.7744,7245.0185,6716.9304,7024.6601,33985.47,29497.365,28634.234,34751.217,30934.05,37085.6941,36561.0978,28595.4652,39971.703287644,37647.5718011523,37855.6522446755,38049.2707847565,..,..,..,..
Total greenhouse gas emissions (kt of CO2 equivalent),EN.ATM.GHGT.KT.CE,Nauru,NRU,2.75751563,2.86287901,2.95555091,3.04256387,3.11683806,3.19682953,3.26881105,3.3465352,3.59607045,3.75898114,3.83523984,3.90974801,3.98356194,4.05243858,4.13258043,4.21825037,4.29186935561673,4.4333853434706,4.50535379689799,4.57302008015847,..,..,..,..
Total greenhouse gas emissions (kt of CO2 equivalent),EN.ATM.GHGT.KT.CE,Nepal,NPL,25118.3339,25017.0089,24131.4709,25373.4739,25643.7849,26905.3119,27238.2519,27566.6509,31234.017,28915.419,29847.024,30427.862,30862.516,30946.099,31263.61,32026.569,32809.2621925374,32738.69185878,33160.9713713475,40762.7152881677,..,..,..,..
Total greenhouse gas emissions (kt of CO2 equivalent),EN.ATM.GHGT.KT.CE,Netherlands,NLD,224468.089,232341.681,230579.363,234204.767,234257.997,235053.007,244204.434,235836.236,220319.9,218276.476,221354.464,221355.349,217083.632,211767.903,208848.042454,205061.312,201884.487178424,212418.45504564,200143.54444018,195873.763889571,..,..,..,..
Total greenhouse gas emissions (kt of CO2 equivalent),EN.ATM.GHGT.KT.CE,New Caledonia,NCL,1633.16868,1710.02729,1839.33993,1837.4805,1787.90501,1761.26937,1811.15904,1822.49711,1655.4574,1660.49887,1603.51062,1551.40899,1545.50571,1505.27136,1509.92728,1500.73903,1494.78557080585,1568.02809484123,1616.70937034626,1660.24836192453,..,..,..,..
Total greenhouse gas emissions (kt of CO2 equivalent),EN.ATM.GHGT.KT.CE,New Zealand,NZL,65689.817,65434.959,67149.862,66894.903,68092.81,69576.05,70563.226,73548.22,74422.829,77305.4713,80252.282,80229.163,82066.568,83539.488,81888.391,81442.9,76062.1502053644,76141.6578305852,75851.1222399306,78130.9798816606,..,..,..,..
Total greenhouse gas emissions (kt of CO2 equivalent),EN.ATM.GHGT.KT.CE,Nicaragua,NIC,10263.4765,9569.4821,10134.5032,10836.687,11082.2681,10769.139,10980.733,11325.7868,14043.287,14719.832,16965.369,14793.133,16831.87,15048.35,15276.859,15791.953,15861.9682306353,15794.3498057937,16068.6412130905,16323.0434302921,..,..,..,..
Total greenhouse gas emissions (kt of CO2 equivalent),EN.ATM.GHGT.KT.CE,Niger,NER,6929.2769,7163.74302,7576.52064,7592.12518,7995.58618,8185.4332,8402.8431,8595.5915,11124.281,9326.6288,9570.2698,9191.3938,10258.5269,10176.1295,10970.2882,10491.4259,10530.9297519483,11219.5051135265,11342.1190258822,11460.9158280465,..,..,..,..
Total greenhouse gas emissions (kt of CO2 equivalent),EN.ATM.GHGT.KT.CE,Nigeria,NGA,163274.1763,171312.8095,188562.29,187613.213,174508.4,184046.2,203140.476,196351.827,314978.544,295068.358,314942.187,288145.573,374421.704,318579.09,335201.39,316058.63,273156.363092577,292211.735427326,296799.948975518,301010.125866092,..,..,..,..
Total greenhouse gas emissions (kt of CO2 equivalent),EN.ATM.GHGT.KT.CE,Northern Mariana Islands,MNP,5.1160915,5.4531069,5.7955346,6.1426591,6.4954702,6.55592511,6.93296305,7.31969726,8.46553305,9.22260823,9.59218446,9.96274548,10.33170764,10.65055804,11.00040397,11.3841499,11.79593055,12.24371151,12.3661486251,12.4885857402,..,..,..,..
Total greenhouse gas emissions (kt of CO2 equivalent),EN.ATM.GHGT.KT.CE,Norway,NOR,67466.0999,64287.922,64336.797,67255.05,70005.932,70569.101,72016.75,74552.49,71217.9,69689.527,73172.62816,73534.99492,71578.0629,71355.504,72404.46722,71002.7568,65840.6636900105,65710.0642142401,64181.1477579667,63536.7320746753,..,..,..,..
Total greenhouse gas emissions (kt of CO2 equivalent),EN.ATM.GHGT.KT.CE,Oman,OMN,35356.2927,39183.9861,39069.5883,38850.4088,37319.9954,41448.6408,43219.7303,44902.2465,35439.108,43297.5065,46464.7878,46069.195,48099.6628,50886.1962,52515.093,55220.8011,55510.2056941071,59041.9795817376,60705.5913108149,62201.5508044815,..,..,..,..
Total greenhouse gas emissions (kt of CO2 equivalent),EN.ATM.GHGT.KT.CE,Pakistan,PAK,172551.2859,175960.6389,185194.4089,194843.2479,201063.0269,209249.9689,220080.3959,225905.9039,247348.795,256954.135,271615.1473,291014.0248,299134.716,314154.5358,336409.906,338551.92,343244.201743882,354528.622197099,362475.094356567,369734.583692698,..,..,..,..
Total greenhouse gas emissions (kt of CO2 equivalent),EN.ATM.GHGT.KT.CE,Palau,PLW,1.1588785,1.177744192,1.200709882,1.226059189,1.251261968,1.274455576,1.298450478,1.320455434,1.3700757,1.362355055,1.354180921,1.344745663,1.335022017,1.340129978,1.34514806,1.350926018,1.356220685,1.361525352,1.37514060552,1.38875585904,..,..,..,..
Total greenhouse gas emissions (kt of CO2 equivalent),EN.ATM.GHGT.KT.CE,Panama,PAN,6814.4507,7309.7313,8021.8998,8212.4499,8471.1861,8817.5947,8891.1129,8870.4953,9158.7515,10475.8582,10850.464,10819.0091,10588.624,11987.7807,11689.1502,15082.5873,15489.5112672717,15428.76050942,15860.4557625829,16248.7722905672,..,..,..,..
Total greenhouse gas emissions (kt of CO2 equivalent),EN.ATM.GHGT.KT.CE,Papua New Guinea,PNG,29504.072,58949.5509,56368.479,37196.2796,58386.856,35410.1243,34368.4362,143275.032,8257.4614,84384.8163,10217.6916,19650.1578,9453.0338,14195.8728,9773.2384,9516.4689,11298.7329775057,10667.5964883463,10888.0894662948,11087.4570564505,..,..,..,..
Total greenhouse gas emissions (kt of CO2 equivalent),EN.ATM.GHGT.KT.CE,Paraguay,PRY,63833.492,59605.441,63670.88,70228.07,54360.232,60568.495,62323.21,63388.761,39439.471,83003.028,83847.271,69049.055,90747.006,67108.715,138575.697,54092.028,46875.5965759124,50027.5030005582,50445.1164029722,50843.9542041131,..,..,..,..
Total greenhouse gas emissions (kt of CO2 equivalent),EN.ATM.GHGT.KT.CE,Peru,PER,59544.1966,57289.42,59369.573,62945.458,57507.247,63406.514,66878.351,67172.281,66574.044,51029.146,53092.701,56438.522,68557.456,58736.853,70911.513,63708.119,64753.407771013,71614.2940211242,73289.702901321,74806.9567445781,..,..,..,..
Total greenhouse gas emissions (kt of CO2 equivalent),EN.ATM.GHGT.KT.CE,Philippines,PHL,96355.436,96239.316,102098.065,106302.855,117252.259,125623.452,134296.648,140736.42,150078.87,138051.043,140443.044,142978.772,146433.72,201211.257,149106.274,152332.054,223801.402582966,159940.452828914,163797.78766544,167297.549725585,..,..,..,..
Total greenhouse gas emissions (kt of CO2 equivalent),EN.ATM.GHGT.KT.CE,Poland,POL,474016.0603,460117.254,452553.142,449456.043,448871.632,458557.084,435648.565,433538.612,392642.0366,375643.178,387619.1421,411840.4427,411811.67406,423290.66622,421174.6542,420981.528,405421.159762265,426485.868351622,422791.468168537,414606.89232929,..,..,..,..
Total greenhouse gas emissions (kt of CO2 equivalent),EN.ATM.GHGT.KT.CE,Portugal,PRT,58227.179,60330.057,64299.6533,63334.9452,64486.0265,69204.4065,67633.1028,70751.8317,88594.191,88319.252,89900.198,84930.561,101594.256,81336.945,79399.304,74433.765,75492.5034292383,71681.4684400366,71977.8870090626,72524.218510274,..,..,..,..
Total greenhouse gas emissions (kt of CO2 equivalent),EN.ATM.GHGT.KT.CE,Puerto Rico,PRI,2941.1635,3012.328,2740.32789,2832.01866,2912.47949,2888.34827,2947.38742,2996.51629,2963.27411,3031.48013,3095.28599,3098.94399,3118.66669,3105.7168,3064.31024,3067.96985,3119.06938320473,3199.24568321129,3247.52000136847,3293.25487972272,..,..,..,..
Total greenhouse gas emissions (kt of CO2 equivalent),EN.ATM.GHGT.KT.CE,Qatar,QAT,21978.4828,23318.2917,24676.9902,25419.6901,26771.0007,27343.767,29868.3731,36817.73,44439.7,46983.92434,51782.17186,58827.54254,61388.81678,68073.78995,77135.76161,83149.36557,86227.8146737545,98391.5338465153,100891.323358578,103155.120721373,..,..,..,..
Total greenhouse gas emissions (kt of CO2 equivalent),EN.ATM.GHGT.KT.CE,Romania,ROM,247279.3403,204626.059,186159.772,174503.319,170925.428,177197.356,181831.133,167308.766,132627.536,135160.393,141128.161,139881.565,139578.1707,144382.55,141043.059,136834.935,119648.2095,117930.698,126194.415552348,121762.225104696,..,..,..,..
Total greenhouse gas emissions (kt of CO2 equivalent),EN.ATM.GHGT.KT.CE,Russian Federation,RUS,3593581.92,3391970.11,3128013.23,3013967.26,2707580.73,2645144.69,2718564.86,2457479.79,2771222,2984844.66,3542027.45,2413520.92,2527172.17,2748951.04,2604102.33,2995286.6,2562920.977736,2603289.62983381,2777724.31014007,2803398.4879042,..,..,..,..
Total greenhouse gas emissions (kt of CO2 equivalent),EN.ATM.GHGT.KT.CE,Rwanda,RWA,3251.96376,3317.3907,3365.9133,3161.5389,3053.5275,3231.6846,3420.3991,3682.836,4900.3316,4806.285,4793.8085,5635.3957,4963.9625,5021.6608,4904.6175,5183.7427,5967.06192569087,6547.47491286008,6620.24670057814,6689.94889743344,..,..,..,..
Total greenhouse gas emissions (kt of CO2 equivalent),EN.ATM.GHGT.KT.CE,Samoa,WSM,287.10673,284.32374,292.98726,290.31019,271.81762,279.85953,288.65266,306.32102,318.53193,314.98397,314.07798,312.54342,307.20583,326.16138,326.9412,330.23679,330.708149791493,340.977682074287,348.882192362577,356.086960000804,..,..,..,..
Total greenhouse gas emissions (kt of CO2 equivalent),EN.ATM.GHGT.KT.CE,San Marino,SMR,..,..,..,..,..,..,..,..,..,..,..,..,..,..,..,..,..,..,..,..,..,..,..,..
Total greenhouse gas emissions (kt of CO2 equivalent),EN.ATM.GHGT.KT.CE,Sao Tome and Principe,STP,97.473043,102.239431,101.306498,102.132788,102.919215,107.209007,107.838554,111.486002,206.896072,190.503443,210.28072,170.011514,177.245483,155.275431,169.708684,175.963732,177.024126785466,185.451631790855,190.736300569879,195.486961272431,..,..,..,..
Total greenhouse gas emissions (kt of CO2 equivalent),EN.ATM.GHGT.KT.CE,Saudi Arabia,SAU,205065.4845,218097.986,233441.751,245134.3,259275.111,262037.697,276181.966,280673.769,310713.5,336300.494,355029.43,365872.69,385792.922,400740.293,419852.998,446765.124,471266.326647713,495438.152690121,514967.262649612,549111.583031927,..,..,..,..
Total greenhouse gas emissions (kt of CO2 equivalent),EN.ATM.GHGT.KT.CE,Senegal,SEN,11016.4282,10641.4706,11429.8145,11429.2015,11652.4041,12144.979,12591.4269,13138.6586,48632.878,55038.558,34578.804,49186.654,50288.842,58446.314,47429.886,51876.505,47324.755141409,53407.5710536081,53810.0458870121,54185.3718787515,..,..,..,..
Total greenhouse gas emissions (kt of CO2 equivalent),EN.ATM.GHGT.KT.CE,Serbia,SRB,..,..,..,..,..,..,..,..,..,..,..,..,..,..,..,..,..,..,..,..,..,..,..,..
Total greenhouse gas emissions (kt of CO2 equivalent),EN.ATM.GHGT.KT.CE,Seychelles,SYC,365.272339,401.784527,385.880755,392.587572,382.080883,402.544761,396.056273,447.493605,534.673543,680.722274,697.085541,674.293918,688.183379,726.405314,786.5191,806.416085,805.942230706433,854.072184402449,883.831427003904,910.287358285027,..,..,..,..
Total greenhouse gas emissions (kt of CO2 equivalent),EN.ATM.GHGT.KT.CE,Sierra Leone,SLE,9628.770868,8258.26216,8799.0731,8430.2212,8296.1596,8960.4197,8920.9573,9166.1849,14763.8481,22463.6343,20892.187,21206.3301,14869.1843,26983.2073,28565.22,33083.703,17509.103840073,11647.4905123863,11731.1661612871,11810.8870188195,..,..,..,..
Total greenhouse gas emissions (kt of CO2 equivalent),EN.ATM.GHGT.KT.CE,Singapore,SGP,32561.1693,34446.2708,35781.0308,41095.7279,44138.6453,44512.5911,46578.6733,47177.21,48133.565,43671.3867,43165.6467,44836.6314,47597.8146,48418.7996,49828.815,50059.9548,49828.2152938626,52731.9988239379,54413.5540095278,55910.2813044732,..,..,..,..
Total greenhouse gas emissions (kt of CO2 equivalent),EN.ATM.GHGT.KT.CE,Sint Maarten (Dutch part),SXM,..,..,..,..,..,..,..,..,..,..,..,..,..,..,..,..,..,..,..,..,..,..,..,..
Total greenhouse gas emissions (kt of CO2 equivalent),EN.ATM.GHGT.KT.CE,Slovak Republic,SVK,72262.4462,63383.655,59272.15,56027.312,53999.395,53824.71,54863.255,54885.143,50421.399,49587.27692,49336.11102,48357.39172,48958.7859605,48387.52,48141.598,49160.9889427,46722.85803,49973.282,48551.7499855841,46301.2739711681,..,..,..,..
Total greenhouse gas emissions (kt of CO2 equivalent),EN.ATM.GHGT.KT.CE,Slovenia,SVN,19978.0218,18530.1805,17825.1774,18307.0892,18331.6882,18869.6953,20088.2004,21798.4558,20927.0855,22342.2576,21936.4936,22064.4812,22366.8829,22781.6492,22932.5376,23252.2604,21453.1576,21893.6609,21513.476468893,21074.7483377861,..,..,..,..
Total greenhouse gas emissions (kt of CO2 equivalent),EN.ATM.GHGT.KT.CE,Solomon Islands,SLB,5903.502,4415.8561,3295.3886,3532.8114,3811.9187,3885.2756,4053.1942,4059.3587,4086.0635,4329.7699,4401.7588,4422.7358,4323.8015,4336.3667,4406.1073,4411.7304,4419.51705605364,4479.82999608379,4536.57738178344,4591.46452705258,..,..,..,..
Total greenhouse gas emissions (kt of CO2 equivalent),EN.ATM.GHGT.KT.CE,Somalia,SOM,17953.4060594,16221.622313,15394.040896,16893.93851,18252.92696,18762.6274,19206.201,19652.854,20491.617,20910.997,21516.575,21192.85,21219.932,21176.8067,21272.603,21450.946,21130.6211247516,21461.805455857,21690.2656830673,21916.3232231908,..,..,..,..
Total greenhouse gas emissions (kt of CO2 equivalent),EN.ATM.GHGT.KT.CE,South Africa,ZAF,349202.002,343391.118,353846.549,347840.727,355673.58,371350.205,383673.271,403030.554,420482.753,434071.075,456334.126,472713.791,498312.886,480054.73,502130.255,493215.924,468413.489161655,456538.492310706,451483.820825423,450615.780893113,..,..,..,..
Total greenhouse gas emissions (kt of CO2 equivalent),EN.ATM.GHGT.KT.CE,South Sudan,SSD,..,..,..,..,..,..,..,..,..,..,..,..,..,..,..,..,..,..,..,..,..,..,..,..
Total greenhouse gas emissions (kt of CO2 equivalent),EN.ATM.GHGT.KT.CE,Spain,ESP,293343.061,300579.879,308497.849,293901.601,306314.424,319459.334,309786.213,329912.391,381031.15,397417.357,407869.657,421107.428,437016.741,430218.332,439904.168,404869.429,372822.515384651,354618.022613412,353857.386145107,348257.292233754,..,..,..,..
Total greenhouse gas emissions (kt of CO2 equivalent),EN.ATM.GHGT.KT.CE,Sri Lanka,LKA,18379.0014,18031.0497,19141.6427,19421.2914,20754.434,20611.1024,21681.6254,21386.1613,23282.5721,23464.8878,24580.3804,25393.9308,27223.2922,26000.0448,27768.839,27954.9991,27826.5551277157,29131.2905203967,29822.7789910656,30451.8263103441,..,..,..,..
Total greenhouse gas emissions (kt of CO2 equivalent),EN.ATM.GHGT.KT.CE,St. Kitts and Nevis,KNA,97.7100505,112.035101,112.942193,111.650138,129.17921,124.184663,137.296352,122.799479,161.476671,156.748672,161.742472,170.309024,167.940586,176.000772,172.285036,176.179606,176.618645463892,184.440340392057,189.780252605721,194.567544142894,..,..,..,..
Total greenhouse gas emissions (kt of CO2 equivalent),EN.ATM.GHGT.KT.CE,St. Lucia,LCA,278.116504,282.06453,284.79782,264.85516,312.07672,334.14584,347.69741,330.52793,404.93516,412.31398,427.33425,470.33156,473.06637,493.08741,512.25312,533.67247,534.355854746858,563.915882513968,582.33575435051,598.765917552075,..,..,..,..
Total greenhouse gas emissions (kt of CO2 equivalent),EN.ATM.GHGT.KT.CE,St. Martin (French part),MAF,..,..,..,..,..,..,..,..,..,..,..,..,..,..,..,..,..,..,..,..,..,..,..,..
Total greenhouse gas emissions (kt of CO2 equivalent),EN.ATM.GHGT.KT.CE,St. Vincent and the Grenadines,VCT,140.6361373,135.04414,138.548929,125.407658,178.119776,188.111523,187.605076,172.733384,222.544768,234.306635,240.078068,259.913953,261.000889,267.909652,276.96653,284.790058,286.272890214613,301.562853783709,310.883655689352,319.21808524325,..,..,..,..
Total greenhouse gas emissions (kt of CO2 equivalent),EN.ATM.GHGT.KT.CE,Sudan,SDN,92666.85,80070.122,92411.47,90845.47,95753.12,101975.76,103020.19,107153.41,529253.88,516953.93,499185.49,485680.68,536024.45,453816.36,634374.73,572341.41,559206.070707765,487562.733687685,489798.213265019,491982.266532203,..,..,..,..
Total greenhouse gas emissions (kt of CO2 equivalent),EN.ATM.GHGT.KT.CE,Suriname,SUR,10497.9035,10097.4843,10557.7431,11071.6899,8490.7059,9187.752,9411.2301,9293.1873,2495.7631,3139.5893,2773.2333,3272.307,2577.0835,2536.24631,2466.89566,3262.83885,3125.74816500608,2532.29392517383,2598.26121843145,2657.8776235695,..,..,..,..
Total greenhouse gas emissions (kt of CO2 equivalent),EN.ATM.GHGT.KT.CE,Swaziland,SWZ,2261.6269,2249.7633,2288.6681,2092.5766,2218.5804,2292.5497,2314.1888,2385.2462,2814.7361,2760.5504,2632.3676,3058.6321,2940.4136,2646.7356,3715.2655,3255.8421,3032.49166449197,3378.3390138447,3430.02474988828,3478.03453213704,..,..,..,..
Total greenhouse gas emissions (kt of CO2 equivalent),EN.ATM.GHGT.KT.CE,Sweden,SWE,77170.66264,78779.06082,79779.73172,79917.04896,82407.17004,82229.84062,87890.34818,81623.7771,77926.242,78855.443,79443.945,77672.9341,74562.6056,74171.135,71293.1667,69993.2847,65034.0671220206,71434.7098130697,68780.3304510237,65767.7870645559,..,..,..,..
Total greenhouse gas emissions (kt of CO2 equivalent),EN.ATM.GHGT.KT.CE,Switzerland,CHE,56393.8008,57853.8406,57505.9329,54867.4426,54836.8411,54577.6491,54921.8398,53612.5122,53063.2151,52997.4193,54552.7522,55222.5605,55882.8478,55762.0053,54112.486,56634.8927,55245.9738703299,57154.1827287513,53066.8668627694,54108.0975149024,..,..,..,..
Total greenhouse gas emissions (kt of CO2 equivalent),EN.ATM.GHGT.KT.CE,Syrian Arab Republic,SYR,48602.089,54760.18699,57171.00101,58494.532,57515.41299,60581.46301,62105.013,62190.78899,68163.2714,66236.358,66146.201,66910.8369,67605.9088,71044.9674,73073.0659,70097.5424,69995.6579645358,73021.0350245709,75181.2622617497,77118.711861813,..,..,..,..
Total greenhouse gas emissions (kt of CO2 equivalent),EN.ATM.GHGT.KT.CE,Tajikistan,TJK,21668.05999,22661.2671,20247.8295,16052.4613,13056.7906,12715.7739,12376.2444,11524.8742,10059.39617585,10320.5883,10832.779,11882.3893,12218.0161,13240.0017,14531.7933,14274.5997,14128.8782893332,14727.2055380711,15285.8198091057,15364.5752926943,..,..,..,..
Total greenhouse gas emissions (kt of CO2 equivalent),EN.ATM.GHGT.KT.CE,Tanzania,TZA,94958.046,81829.09,120883.593,75693.156,86107.167,90916.004,79397.965,76244.39,215939.362,183662.081,259727.88,221348.892,269558.988,167500.799,202224.85,201404.515,231456.25049325,234147.160880009,234762.029551845,235353.116917654,..,..,..,..
Total greenhouse gas emissions (kt of CO2 equivalent),EN.ATM.GHGT.KT.CE,Thailand,THA,208062.848,219782.273,238491.042,245857.035,260304.403,281623.814,295588.19,300754.973,283870.041,322454.08,324192.72,380171.266,364315.701,349980.871,388568.002,357708.275,363782.105446216,421227.830998173,431312.309909655,440411.679002401,..,..,..,..
Total greenhouse gas emissions (kt of CO2 equivalent),EN.ATM.GHGT.KT.CE,Timor-Leste,TMP,453.01726,529.41988,512.89364,534.99325,704.34512,781.22411,637.44034,617.29528,615.325105,804.05067,860.4052,878.93092,885.58214,898.09615,901.8808,912.7317,925.415296218775,940.459643325301,949.906839441293,959.347403614566,..,..,..,..
Total greenhouse gas emissions (kt of CO2 equivalent),EN.ATM.GHGT.KT.CE,Togo,TGO,13410.2559,10948.2805,12174.1495,11394.7274,11770.2668,12779.7098,13188.6347,13225.6529,22054.7083,20990.3645,20323.8047,14388.0002,32080.958,17748.1831,19389.963,27174.075,23856.093170699,22578.1196825482,22760.6386155452,22931.8554918877,..,..,..,..
Total greenhouse gas emissions (kt of CO2 equivalent),EN.ATM.GHGT.KT.CE,Tonga,TON,124.449085,131.149634,142.691733,144.246813,155.098708,150.448582,154.365722,152.250871,175.118306,150.112185,158.060794,152.487672,153.79002,152.774844,153.466908,147.585116,147.552847755048,151.934445980651,155.290599558298,158.360797652921,..,..,..,..
Total greenhouse gas emissions (kt of CO2 equivalent),EN.ATM.GHGT.KT.CE,Trinidad and Tobago,TTO,15412.5892,15649.87764,16080.53914,15373.76118,16923.96548,16779.95062,18457.42172,18951.51916,24111.8088,27089.63743,31439.71722,38415.06456,43922.03567,52004.71641,51308.1038,54553.4709,54882.3407344638,58068.7623984508,59776.5834191611,61308.5253484805,..,..,..,..
Total greenhouse gas emissions (kt of CO2 equivalent),EN.ATM.GHGT.KT.CE,Tunisia,TUN,21219.0337,22091.5966,23170.6748,23965.4593,23971.6874,24746.4234,26068.7112,26847.3333,30799.8283,31568.3504065,31530.91212,32529.07867,32172.81872,33238.0391,33570.51959,35101.99196,35556.6116489669,37649.9734733698,38741.1352417547,39721.0088471343,..,..,..,..
Total greenhouse gas emissions (kt of CO2 equivalent),EN.ATM.GHGT.KT.CE,Turkey,TUR,224459.0446,226728.432,237906.463,244901.253,240893.454,261203.422,278000.492,289681.095,316464.841,310061.148,323781.172,333497.624,347595.11,377156.061,406298.253,399181.904,404636.723099019,422721.874159766,434798.461210204,445640.078387113,..,..,..,..
Total greenhouse gas emissions (kt of CO2 equivalent),EN.ATM.GHGT.KT.CE,Turkmenistan,TKM,81331.86526,74811.5844,56305.202,57807.50329,55777.5244,55244.04118,51096.4311,45884.62589,63236.1554,70833.489,80037.228,76966.669,79175.65,81028.319,86686.09,91468.9779,80016.1400189655,87379.668518004,88648.7177282147,92178.0749079615,..,..,..,..
Total greenhouse gas emissions (kt of CO2 equivalent),EN.ATM.GHGT.KT.CE,Turks and Caicos Islands,TCA,2.39359482,8.69606293,9.31643117,7.60220286,7.83191107,8.02180307,3.13441826,3.26703956,4.46624367,8.38794812,8.41298892,8.79137916,9.00500888,10.3498174,16.1542519,16.9567206,17.2654571342346,18.2581230136077,18.7452496568376,19.1849644977968,..,..,..,..
Total greenhouse gas emissions (kt of CO2 equivalent),EN.ATM.GHGT.KT.CE,Tuvalu,TUV,4.0320927,4.3692706,4.4884575,4.4470109,4.5513285,4.6309078,4.6776789,4.7751316,4.8968753,5.0343543,5.041195,5.0397634,5.0426927,5.0450923,5.0529942,5.0625602,5.06820788774088,5.1096784152729,5.17598123419742,5.23991676902267,..,..,..,..
Total greenhouse gas emissions (kt of CO2 equivalent),EN.ATM.GHGT.KT.CE,Uganda,UGA,36900.522,35319.154,37220.18,37152.908,37154.655,38761.035,38939.181,39732.039,72771.094,59822.889,89594.609,70139.651,111346.724,40779.024,104200.612,89206.67,52830.3474079837,79906.210271338,80318.9682529937,80725.0849205519,..,..,..,..
Total greenhouse gas emissions (kt of CO2 equivalent),EN.ATM.GHGT.KT.CE,Ukraine,UKR,953118.7193,885209.398,804262.83,712000.67,606685.64,598434.25,533868.64,514547.65,470107.957,462724.218,484337.015,457164.876,434668.759,432631.658,444201.662,436817.125,367349.707769596,393092.05937722,410067.313082423,404900.30485731,..,..,..,..
Total greenhouse gas emissions (kt of CO2 equivalent),EN.ATM.GHGT.KT.CE,United Arab Emirates,ARE,72498.5763,80008.30573,78759.69917,81325.7913,88014.56243,93904.01287,103034.6521,101901.38443,115420.5144,126800.2057,134091.6856,139999.4635,143367.6627,151837.32,167986.4324,181388.5363,182422.169198051,193127.157628676,199342.522558574,204888.718962496,..,..,..,..
Total greenhouse gas emissions (kt of CO2 equivalent),EN.ATM.GHGT.KT.CE,United Kingdom,GBR,777244.23,782637.35,761019.6,733575.46,728677.75,728336.09,744362.82,716185.48,673897.408,661572.36,670993.347,662917.59913,659108.09183,658331.2438,646412.1481,635417.17264,584940.879687974,609586.560951622,568061.828941121,585779.783273432,..,..,..,..
Total greenhouse gas emissions (kt of CO2 equivalent),EN.ATM.GHGT.KT.CE,United States,USA,6136093.5,6073643.8,6137498.4,6282704.3,6374979.2,6365296.6,6577713.1,6724414.4,6969123.8,6981786.8,6991255.2,7244271.5,7182808.4,6994086.9,7128951.7,6648991.2,6604068.9516624,6713348.96911148,6571653.97696764,6343840.50774614,..,..,..,..
Total greenhouse gas emissions (kt of CO2 equivalent),EN.ATM.GHGT.KT.CE,Uruguay,URY,26111.56991,27784.4068,29392.818,29964.965,30030.69,30383.549,31694.519,31457.969,30375.776,30061.0899,30911.299,32686.693,32688.881,34035.504,33889.416,34052.25,33509.6759700056,33285.1966327107,33773.770839407,34237.8295185601,..,..,..,..
Total greenhouse gas emissions (kt of CO2 equivalent),EN.ATM.GHGT.KT.CE,Uzbekistan,UZB,169357.5032,171748.23313,162670.04113,162766.78953,156744.59813,145116.22764,146678.4964,151246.35853,165976.901,176066.177,173583.4809,171337.568,167568.4382,173581.7872,173888.2978,183949.988,173966.218653096,172722.665726421,180734.945597965,177223.750994586,..,..,..,..
Total greenhouse gas emissions (kt of CO2 equivalent),EN.ATM.GHGT.KT.CE,Vanuatu,VUT,433.35203,420.53478,404.75851,427.67866,425.15504,426.35241,431.83803,441.63197,462.64018,443.53373,441.34167,435.05069,436.13738,431.27902,444.5052,448.64291,426.858698600237,433.765841618424,440.152732079289,446.220596935657,..,..,..,..
Total greenhouse gas emissions (kt of CO2 equivalent),EN.ATM.GHGT.KT.CE,"Venezuela, RB",VEN,210102.629,208029.469,213146.061,224661.35,211849.291,227661.215,239936.301,249990.66,251579.927,232788.235,281169.099,258464.943,255157.645,255908.588,280143.816,271197.403,265790.10264781,268746.195077937,275683.763795513,281921.368594355,..,..,..,..
Total greenhouse gas emissions (kt of CO2 equivalent),EN.ATM.GHGT.KT.CE,Vietnam,VNM,99053.923,101488.38,104778.224,108871.18,114050.584,120659.102,127273.144,133695.788,155791.92,187715.028,190419.293,229221.952,232509.773,234359.249,256396.703,255549.534,266081.848157342,278994.359953824,285091.055716172,310664.069273385,..,..,..,..
Total greenhouse gas emissions (kt of CO2 equivalent),EN.ATM.GHGT.KT.CE,Virgin Islands (U.S.),VIR,45.298507,45.779781,46.307049,46.757076,47.22501,47.586929,48.032462,48.594837,43.272328,44.52512,45.143707,45.717665,48.057551,49.566177,51.748247,53.838381,56.6375496035154,60.2122077074707,60.8557130023383,61.4927757344388,..,..,..,..
Total greenhouse gas emissions (kt of CO2 equivalent),EN.ATM.GHGT.KT.CE,West Bank and Gaza,WBG,..,..,..,..,..,..,..,..,..,..,..,..,..,..,..,..,..,..,..,..,..,..,..,..
Total greenhouse gas emissions (kt of CO2 equivalent),EN.ATM.GHGT.KT.CE,"Yemen, Rep.",YEM,12850.0134,14536.44773,15337.67187,14603.0136,16621.06553,17884.47327,18386.3043,19676.01703,24225.1802,26580.1033,28983.2226,29514.278,32666.189,34959.446,36225.625,36800.226,37027.203947787,38865.2924309914,39949.0821612584,40924.6276912645,..,..,..,..
Total greenhouse gas emissions (kt of CO2 equivalent),EN.ATM.GHGT.KT.CE,Zambia,ZMB,209648.820069,174044.666387,278259.67108,156527.22462,182686.65931,185179.1143,156680.6868,149986.7471,290812.3696,300362.201,356024.845,368995.695,396446.481,314793.497,341005.669,321163.519,266118.483645849,319784.630374572,320024.69699237,320254.218335756,..,..,..,..
Total greenhouse gas emissions (kt of CO2 equivalent),EN.ATM.GHGT.KT.CE,Zimbabwe,ZWE,35100.59,34132.529,38275.978,30183.416,30208.734,30376.986,30570.239,29469.426,51434.535,50281.895,48216.933,61742.544,59894.603,55535.28,60917.825,68840.706,67914.1310078185,71019.1167281256,71561.9522501464,72057.8033221346,..,..,..,..
Total greenhouse gas emissions (kt of CO2 equivalent),EN.ATM.GHGT.KT.CE,Arab World,ARB,1051879.3323917,1063039.007556,1110759.698744,1159113.99542,1206156.80473,1256574.16482,1287936.94168,1322409.99867,1868626.55366,1927544.1554865,1963193.01545,2026459.63882,2153671.56678,2132029.08466,2382095.4626,2393311.68802,2405634.64326789,2438822.39555761,2503140.59993778,2577646.71520075,..,..,..,..
Total greenhouse gas emissions (kt of CO2 equivalent),EN.ATM.GHGT.KT.CE,Central Europe and the Baltics,CEB,1393914.87107,1266632.00241,1174876.55202,1130305.86493,1108115.36814,1122706.03686,1116594.61267,1090765.97888,978162.18909,960407.71352,988903.4721,1004284.18295,1001128.2165305,1019707.17105,1025000.81648,1013348.7628427,950398.158122265,991582.772151622,999303.127035555,970733.622563327,..,..,..,..
Total greenhouse gas emissions (kt of CO2 equivalent),EN.ATM.GHGT.KT.CE,Caribbean small states,CSS,58568.4469148,58220.072639,60402.790531,61278.011343,57352.637362,59552.036231,62456.525742,62771.899744,51356.362938,55777.754918,63251.683843,68252.70965,74010.99852,82560.249114,83686.906266,86293.420864,107236.813618261,91103.6330216548,93775.0644407116,96171.4120701711,..,..,..,..
,,,,,,,,,,,,,,,,,,,,,,,,,,,
,,,,,,,,,,,,,,,,,,,,,,,,,,,
,,,,,,,,,,,,,,,,,,,,,,,,,,,
Data from database: World Development Indicators,,,,,,,,,,,,,,,,,,,,,,,,,,,
Last Updated: 10/04/2016,,,,,,,,,,,,,,,,,,,,,,,,,,,
